keyword,exact_sale_count,exact_price_sum
Music.tech,,
Magic.tech,,
Viral.tech,,
Lucas.tech,,
Bonus.tech,,
Kevin.tech,,
Polar.tech,,
Joker.tech,,
Jones.tech,,
Davis.tech,,
Cover.tech,,
Major.tech,,
Roger.tech,,
Babel.tech,,
Fedex.tech,,
Bacon.tech,,
Rural.tech,,
Rider.tech,,
Timer.tech,,
Salem.tech,,
Devon.tech,,
Radon.tech,,
Jakob.tech,,
Toxic.tech,,
Lamer.tech,,
Cakes.tech,,
Karat.tech,,
Lines.tech,,
Cubes.tech,,
Codec.tech,,
Cases.tech,,
Micah.tech,,
Makes.tech,,
Habib.tech,,
WeCom.tech,,
Kefir.tech,,
Merak.tech,,
Lagos.tech,,
Yates.tech,,
Diwan.tech,,
Bahar.tech,,
Haley.tech,,
Papas.tech,,
SayIt.tech,,
Noway.tech,,
Zazen.tech,,
Hopes.tech,,
Vocab.tech,,
Salix.tech,,
BahIs.tech,,
GoBiz.tech,,
Sorel.tech,,
Situs.tech,,
Toros.tech,,
Mined.tech,,
DenOn.tech,,
Sofar.tech,,
Winer.tech,,
Vivas.tech,,
BetUs.tech,,
Modes.tech,,
Vinos.tech,,
Kegel.tech,,
WeBet.tech,,
GoPal.tech,,
Nicol.tech,,
Koran.tech,,
Betel.tech,,
ToRex.tech,,
BodAs.tech,,
Vines.tech,,
VizIt.tech,,
Mahal.tech,,
Harem.tech,,
Noter.tech,,
DanIs.tech,,
Neves.tech,,
DoMan.tech,,
SoCom.tech,,
Nanas.tech,,
NoMan.tech,,
Dazed.tech,,
Caves.tech,,
Tuber.tech,,
Taser.tech,,
FitUp.tech,,
Vives.tech,,
Melos.tech,,
Kitab.tech,,
Karol.tech,,
Saris.tech,,
JamOn.tech,,
Nebel.tech,,
RedIt.tech,,
MeDin.tech,,
Caret.tech,,
Lenin.tech,,
Buran.tech,,
WeFit.tech,,
Samen.tech,,
Mores.tech,,
Muted.tech,,
WeBid.tech,,
Hazen.tech,,
Palet.tech,,
GoBit.tech,,
GoFix.tech,,
HopOn.tech,,
ToMat.tech,,
Genom.tech,,
Maser.tech,,
Comin.tech,,
BeWeb.tech,,
ParAt.tech,,
Binet.tech,,
Finis.tech,,
Silos.tech,,
MatAs.tech,,
GodIs.tech,,
Seton.tech,,
Comes.tech,,
CupOn.tech,,
WeBiz.tech,,
Molar.tech,,
Monas.tech,,
HiSun.tech,,
LetIt.tech,,
DanAs.tech,,
Donum.tech,,
Hafiz.tech,,
DalAt.tech,,
Vales.tech,,
Males.tech,,
NoWin.tech,,
Kazak.tech,,
Judah.tech,,
BibUs.tech,,
BeMax.tech,,
NetIs.tech,,
NoWar.tech,,
BeCon.tech,,
Pater.tech,,
Takes.tech,,
RobIt.tech,,
Rakan.tech,,
Vivos.tech,,
BeNow.tech,,
Matar.tech,,
BeVan.tech,,
Cedes.tech,,
MeTar.tech,,
JoyAs.tech,,
Namer.tech,,
Lexer.tech,,
Genet.tech,,
Talas.tech,,
HiPay.tech,,
Linos.tech,,
Ramus.tech,,
ToLet.tech,,
Laced.tech,,
Kiwis.tech,,
Tumor.tech,,
Liked.tech,,
Renal.tech,,
Mecon.tech,,
Ludic.tech,,
HiCar.tech,,
Sumac.tech,,
Huron.tech,,
LadOn.tech,,
Devas.tech,,
Nates.tech,,
HiBox.tech,,
GoDin.tech,,
KeyOn.tech,,
Jaded.tech,,
BitOn.tech,,
Bares.tech,,
Havel.tech,,
Hexed.tech,,
Dijon.tech,,
Luxes.tech,,
FerOn.tech,,
HitIt.tech,,
Jades.tech,,
Litus.tech,,
Koban.tech,,
HeNan.tech,,
Lived.tech,,
GoBag.tech,,
BeLux.tech,,
Medes.tech,,
PerOn.tech,,
Regin.tech,,
PanAs.tech,,
Mokum.tech,,
Heres.tech,,
NoMix.tech,,
ToPal.tech,,
LotOr.tech,,
Dital.tech,,
Musos.tech,,
Gamey.tech,,
ToBet.tech,,
Judex.tech,,
HiCat.tech,,
RocOn.tech,,
HiTed.tech,,
HePit.tech,,
Diced.tech,,
Jagat.tech,,
Kedar.tech,,
HeWad.tech,,
HimAs.tech,,
HiSay.tech,,
Capos.tech,,
HunAs.tech,,
Hemen.tech,,
LowAd.tech,,
JapIt.tech,,
Kaput.tech,,
Lurex.tech,,
HedAs.tech,,
LadIs.tech,,
Keyed.tech,,
LacAd.tech,,
LabUs.tech,,
Kopal.tech,,
PepUp.tech,,
PapIt.tech,,
NoNos.tech,,
Pikes.tech,,
PetAs.tech,,
Nevel.tech,,
Negus.tech,,
LegUp.tech,,
DoKin.tech,,
MeNet.tech,,
Lipan.tech,,
Korah.tech,,
NoBus.tech,,
MeMan.tech,,
Sekos.tech,,
NewAs.tech,,
MeHer.tech,,
Hamin.tech,,
MeCad.tech,,
Kizil.tech,,
Pelon.tech,,
Sabes.tech,,
Banat.tech,,
HiFan.tech,,
Somal.tech,,
Mudar.tech,,
SoTon.tech,,
WeBed.tech,,
Kovil.tech,,
LabOn.tech,,
SirIt.tech,,
Porus.tech,,
RapIt.tech,,
SoFin.tech,,
Loges.tech,,
Kitan.tech,,
Popes.tech,,
Linac.tech,,
NoDom.tech,,
HeYes.tech,,
Gowan.tech,,
FerIs.tech,,
Bebar.tech,,
HiNew.tech,,
MeGot.tech,,
WinOr.tech,,
BeLot.tech,,
CamIt.tech,,
PitAd.tech,,
DoHit.tech,,
Begot.tech,,
Tolus.tech,,
PaxOn.tech,,
WeCat.tech,,
ToNot.tech,,
ToMix.tech,,
Pasan.tech,,
BeCar.tech,,
SoDev.tech,,
RamAd.tech,,
Dewan.tech,,
TicOr.tech,,
NoNit.tech,,
DoNil.tech,,
Limer.tech,,
Dusun.tech,,
Zoned.tech,,
TugAs.tech,,
Sopot.tech,,
GoPet.tech,,
Kamas.tech,,
MeSin.tech,,
NoRed.tech,,
Saned.tech,,
PepIt.tech,,
Jojos.tech,,
DoNib.tech,,
RajOk.tech,,
BatAs.tech,,
Cered.tech,,
BeGit.tech,,
Bicep.tech,,
Nudum.tech,,
Sudor.tech,,
Cadis.tech,,
GoSon.tech,,
BoxUp.tech,,
DidAs.tech,,
DebAt.tech,,
Reded.tech,,
Soras.tech,,
DoMog.tech,,
JetOr.tech,,
Litis.tech,,
DotIt.tech,,
RefOr.tech,,
RotUs.tech,,
Vises.tech,,
FurOn.tech,,
Zetes.tech,,
RatOr.tech,,
GetAs.tech,,
Begut.tech,,
HiPic.tech,,
TenAt.tech,,
ZenUs.tech,,
FoxOn.tech,,
KitAt.tech,,
BeLug.tech,,
GoDan.tech,,
Pusey.tech,,
Toles.tech,,
BeSos.tech,,
GoRib.tech,,
HeWay.tech,,
Debur.tech,,
SoMil.tech,,
SirAs.tech,,
ToDev.tech,,
GoCad.tech,,
WitOk.tech,,
NoLay.tech,,
Witan.tech,,
DoCup.tech,,
SoCon.tech,,
Sedum.tech,,
VoxOn.tech,,
HeGen.tech,,
ToTen.tech,,
DoNon.tech,,
WeRat.tech,,
BayAd.tech,,
Vomer.tech,,
GoCut.tech,,
BeDug.tech,,
Tubus.tech,,
SagOr.tech,,
Sizar.tech,,
Tigon.tech,,
SonAt.tech,,
WePic.tech,,
HobIt.tech,,
Gazel.tech,,
KitOr.tech,,
Zirak.tech,,
WeToy.tech,,
BeBan.tech,,
Ruman.tech,,
WeTag.tech,,
Lacet.tech,,
Poney.tech,,
Vexer.tech,,
Litas.tech,,
RexUs.tech,,
WetOk.tech,,
PawUs.tech,,
Siver.tech,,
Mugil.tech,,
MixAt.tech,,
Filix.tech,,
DoBet.tech,,
Sabot.tech,,
Rizal.tech,,
Caped.tech,,
TorIt.tech,,
Malum.tech,,
Hapax.tech,,
LabIt.tech,,
Fusus.tech,,
SetOr.tech,,
ButOk.tech,,
Risus.tech,,
Riyal.tech,,
Fazes.tech,,
SoNay.tech,,
NoHam.tech,,
Pinas.tech,,
ToRob.tech,,
SoRec.tech,,
Gamed.tech,,
SoYes.tech,,
SoPow.tech,,
NoGas.tech,,
Nogal.tech,,
Hiren.tech,,
LedOr.tech,,
Yakan.tech,,
NoBad.tech,,
Talar.tech,,
Kaval.tech,,
Coley.tech,,
GoFin.tech,,
Gages.tech,,
SoNor.tech,,
DanOr.tech,,
NoMar.tech,,
WebOk.tech,,
TedOn.tech,,
HiBon.tech,,
Taraf.tech,,
Naker.tech,,
MeDid.tech,,
DoViz.tech,,
HiBet.tech,,
Wages.tech,,
SoMad.tech,,
DoGem.tech,,
NoGin.tech,,
Bebay.tech,,
Wiros.tech,,
TunIt.tech,,
Fagus.tech,,
CobIt.tech,,
GoBog.tech,,
JawAd.tech,,
Hexad.tech,,
ComAt.tech,,
Jehad.tech,,
Patas.tech,,
Vised.tech,,
LawUp.tech,,
BeBet.tech,,
Hamas.tech,,
TanAt.tech,,
ToGet.tech,,
NoBuy.tech,,
Gemot.tech,,
SoWeb.tech,,
Barad.tech,,
YesOn.tech,,
GodOf.tech,,
WeMed.tech,,
Calif.tech,,
Roker.tech,,
CatOr.tech,,
MilIt.tech,,
Bever.tech,,
Metic.tech,,
Rican.tech,,
DebOr.tech,,
Fumes.tech,,
Paten.tech,,
RecOr.tech,,
Cines.tech,,
Lites.tech,,
LavIs.tech,,
BeFor.tech,,
Pares.tech,,
MeGap.tech,,
ButOr.tech,,
Sines.tech,,
HeDay.tech,,
Rosal.tech,,
Mahar.tech,,
Lures.tech,,
SoMat.tech,,
Poles.tech,,
Newar.tech,,
Navar.tech,,
MatOr.tech,,
MeLab.tech,,
Caban.tech,,
VanIt.tech,,
Haman.tech,,
ManIt.tech,,
Rajas.tech,,
Micas.tech,,
Cades.tech,,
Rimes.tech,,
Laver.tech,,
LacOn.tech,,
Metad.tech,,
Capel.tech,,
ToPus.tech,,
HeSun.tech,,
Yager.tech,,
MeTag.tech,,
MeCan.tech,,
Pical.tech,,
Nares.tech,,
Hoven.tech,,
Razon.tech,,
LamOn.tech,,
Virid.tech,,
Yakin.tech,,
Pared.tech,,
Soman.tech,,
Duler.tech,,
Peris.tech,,
Betas.tech,,
MeDip.tech,,
Covin.tech,,
Deter.tech,,
KinIs.tech,,
Sopor.tech,,
Howel.tech,,
Rewin.tech,,
Rimer.tech,,
Sited.tech,,
Semic.tech,,
Hoper.tech,,
ToLab.tech,,
HeCat.tech,,
Monal.tech,,
NoLab.tech,,
Kabar.tech,,
Lined.tech,,
BitOr.tech,,
Capet.tech,,
HiBit.tech,,
RatUs.tech,,
Firer.tech,,
Toran.tech,,
Surer.tech,,
Dated.tech,,
RadAs.tech,,
SisAt.tech,,
Minot.tech,,
MeTaw.tech,,
MeMen.tech,,
Racon.tech,,
BotOn.tech,,
Boras.tech,,
RibUs.tech,,
CarAd.tech,,
YahAd.tech,,
DomOn.tech,,
HeWan.tech,,
Siped.tech,,
Biked.tech,,
GelOn.tech,,
ToYin.tech,,
ComIs.tech,,
MixAs.tech,,
DoBin.tech,,
SonIs.tech,,
YidOr.tech,,
SoMed.tech,,
TaxAt.tech,,
Sagum.tech,,
BeRoc.tech,,
TaxAs.tech,,
Rumex.tech,,
Mazer.tech,,
LagAt.tech,,
Lurer.tech,,
SoRan.tech,,
NoLow.tech,,
DimAd.tech,,
Popal.tech,,
WeWon.tech,,
HePud.tech,,
JawOr.tech,,
RapOr.tech,,
Linin.tech,,
DoCar.tech,,
Verek.tech,,
HiFab.tech,,
Goban.tech,,
HiZen.tech,,
ToSot.tech,,
Cacan.tech,,
LopOn.tech,,
DoFin.tech,,
SawAs.tech,,
TawAs.tech,,
WeDid.tech,,
DabIs.tech,,
BeFab.tech,,
SunAs.tech,,
WeHot.tech,,
Cakey.tech,,
MeLay.tech,,
Coney.tech,,
SoMay.tech,,
MeLop.tech,,
TodOr.tech,,
CurIt.tech,,
RefAt.tech,,
RipOn.tech,,
TowOr.tech,,
NowUp.tech,,
Dedal.tech,,
Humid.tech,,
ToNew.tech,,
HiGod.tech,,
Beret.tech,,
Begun.tech,,
Ceros.tech,,
DoPar.tech,,
Cagey.tech,,
Jubal.tech,,
ToSay.tech,,
VatOn.tech,,
Sawed.tech,,
Tawer.tech,,
DimAt.tech,,
Pones.tech,,
Kohen.tech,,
ZapAd.tech,,
HeyIt.tech,,
JayIt.tech,,
BeRag.tech,,
Denar.tech,,
DoPay.tech,,
Lural.tech,,
Kenos.tech,,
BotUp.tech,,
BeRid.tech,,
Javer.tech,,
ToBox.tech,,
Becap.tech,,
ToPub.tech,,
WeYes.tech,,
Balun.tech,,
CanOf.tech,,
FedIs.tech,,
GoNan.tech,,
HeMot.tech,,
Batis.tech,,
Nazir.tech,,
Seric.tech,,
TawIs.tech,,
Telar.tech,,
SoMag.tech,,
KenIs.tech,,
SoMax.tech,,
Niner.tech,,
PopUs.tech,,
GoKen.tech,,
ManOf.tech,,
Botel.tech,,
Filum.tech,,
Borer.tech,,
NoSat.tech,,
CadAd.tech,,
Faxes.tech,,
Soger.tech,,
NoKin.tech,,
LavOn.tech,,
Sugan.tech,,
Letup.tech,,
WePin.tech,,
Befog.tech,,
Mazic.tech,,
LowIt.tech,,
HiCut.tech,,
Sinic.tech,,
Fetus.tech,,
CapAs.tech,,
NetAs.tech,,
HeFan.tech,,
SoTen.tech,,
SinIt.tech,,
DalIs.tech,,
HeBin.tech,,
Lobes.tech,,
SoFer.tech,,
WeVip.tech,,
Hogen.tech,,
ToPig.tech,,
Midis.tech,,
ToSon.tech,,
TicIt.tech,,
Fates.tech,,
SohUs.tech,,
HeNip.tech,,
PutUp.tech,,
Furan.tech,,
HiMed.tech,,
Badan.tech,,
NoTow.tech,,
SoVas.tech,,
MeMed.tech,,
FanIt.tech,,
Pinon.tech,,
Peres.tech,,
Luger.tech,,
Cavus.tech,,
Curet.tech,,
Woful.tech,,
Gibes.tech,,
Wakes.tech,,
Doter.tech,,
DimIs.tech,,
Yogin.tech,,
TipIt.tech,,
Citer.tech,,
Tolas.tech,,
SipOf.tech,,
Netop.tech,,
WeSun.tech,,
Saban.tech,,
Sapan.tech,,
Poled.tech,,
TubOn.tech,,
Mesem.tech,,
DimUs.tech,,
SoKid.tech,,
PodOn.tech,,
Gazar.tech,,
Bider.tech,,
ToPar.tech,,
Zulus.tech,,
SoNew.tech,,
MeKey.tech,,
BuyOk.tech,,
Dices.tech,,
Deled.tech,,
NoFin.tech,,
FarIt.tech,,
DoLot.tech,,
NoRom.tech,,
SoRum.tech,,
RedUp.tech,,
ToBed.tech,,
ToHum.tech,,
Raked.tech,,
ButOn.tech,,
Comid.tech,,
BapAt.tech,,
HugIt.tech,,
SoNow.tech,,
GabIt.tech,,
Herod.tech,,
Calas.tech,,
CupOk.tech,,
Sitar.tech,,
PutAs.tech,,
Tobit.tech,,
Gulag.tech,,
BetOk.tech,,
Cites.tech,,
Moros.tech,,
LegAt.tech,,
RegIt.tech,,
RecIt.tech,,
Malus.tech,,
ToMar.tech,,
Bales.tech,,
GoMed.tech,,
BagIt.tech,,
FitOn.tech,,
Lucan.tech,,
Miler.tech,,
Galop.tech,,
Sarin.tech,,
BonAs.tech,,
Tamed.tech,,
BidOn.tech,,
Donet.tech,,
Latus.tech,,
Liker.tech,,
BeTec.tech,,
SatUs.tech,,
Piles.tech,,
Semis.tech,,
BeLab.tech,,
Dodos.tech,,
Rabin.tech,,
Dugan.tech,,
SipIt.tech,,
GoMap.tech,,
Toper.tech,,
NoTon.tech,,
Feces.tech,,
GemOn.tech,,
BodAt.tech,,
Bedot.tech,,
Tatas.tech,,
PasOn.tech,,
Lader.tech,,
Nidal.tech,,
ToFab.tech,,
Bolar.tech,,
TumIt.tech,,
Gasan.tech,,
FatOn.tech,,
GoHam.tech,,
DinOr.tech,,
SoPub.tech,,
Biham.tech,,
PenIt.tech,,
HiKit.tech,,
Kuman.tech,,
FanUp.tech,,
GitUp.tech,,
Caput.tech,,
Barem.tech,,
DoCom.tech,,
CatAt.tech,,
Biped.tech,,
Furud.tech,,
Siper.tech,,
Luges.tech,,
Modoc.tech,,
SoTor.tech,,
NetUs.tech,,
BotAs.tech,,
Kales.tech,,
Rerob.tech,,
DimOk.tech,,
Rumen.tech,,
BeRob.tech,,
Barid.tech,,
Relit.tech,,
SoDad.tech,,
Dogon.tech,,
Luser.tech,,
BonOr.tech,,
BodOn.tech,,
Bited.tech,,
DoMad.tech,,
Hated.tech,,
GoBug.tech,,
SinOn.tech,,
SubAt.tech,,
Roter.tech,,
ToPen.tech,,
Takar.tech,,
GoDad.tech,,
BanAs.tech,,
Toned.tech,,
Locos.tech,,
BigAs.tech,,
Redan.tech,,
TanAs.tech,,
Malar.tech,,
MadOr.tech,,
Domic.tech,,
HadAs.tech,,
Riden.tech,,
LamAt.tech,,
Hosen.tech,,
SunIt.tech,,
Burel.tech,,
NoFat.tech,,
HeLeg.tech,,
NoTun.tech,,
LugAt.tech,,
Redos.tech,,
RimIs.tech,,
TupOk.tech,,
Dicer.tech,,
GoRom.tech,,
BunIs.tech,,
Kinah.tech,,
FitOk.tech,,
KitAs.tech,,
FabAs.tech,,
Hosel.tech,,
BeHet.tech,,
CanUp.tech,,
FatAd.tech,,
ToTon.tech,,
GoMad.tech,,
MapOf.tech,,
DebOn.tech,,
NilUs.tech,,
Kokan.tech,,
PepAd.tech,,
MapIs.tech,,
GunAs.tech,,
TinAd.tech,,
FirIs.tech,,
NoBag.tech,,
Cader.tech,,
Lukan.tech,,
MeCar.tech,,
